{"roc_aucs": [0.975, 0.9267241379310345, 0.8508158508158508, 0.896875, 0.9172222222222222, 0.8993506493506493, 0.8636363636363636, 0.9217391304347826, 0.956882255389718, 0.9560810810810811], "accuracies": [0.9215686274509803, 0.8494623655913979, 0.782608695652174, 0.78, 0.8247422680412371, 0.8478260869565217, 0.7340425531914894, 0.797752808988764, 0.8936170212765957, 0.8673469387755102], "f1_scores": [0.9402985074626866, 0.8793103448275861, 0.84375, 0.8450704225352113, 0.8721804511278195, 0.8955223880597014, 0.8, 0.8571428571428571, 0.923076923076923, 0.9051094890510948], "thresh": [0.4616798758506775, 0.5980755090713501, 0.8551989793777466, 0.870556116104126, 0.150125652551651, 0.3678538501262665, 0.7249001264572144, 0.8767513632774353, 0.8275177478790283, 0.44805648922920227], "matthews_corrcoef": [0.8337522932581102, 0.7113344690134346, 0.4903305946369197, 0.535655668229714, 0.6206728367581548, 0.6260427294301534, 0.4764801504765702, 0.550252828304597, 0.7549392240079661, 0.7145352059629816], "means": {"roc_aucs": 0.9164326690861702, "accuracies": 0.829896736592467, "f1_scores": 0.876146138328388, "thresh": 0.6180715709924698, "matthews_corrcoef": 0.6313996000078601}}