{"roc_aucs": [0.9334821428571429, 0.9687499999999999, 0.8630536130536131, 0.89875, 0.9349999999999999, 0.9311688311688312, 0.9008838383838385, 0.95, 0.9496959646213377, 0.9386261261261262], "accuracies": [0.8529411764705882, 0.8924731182795699, 0.7934782608695652, 0.82, 0.8556701030927835, 0.8586956521739131, 0.8297872340425532, 0.8426966292134831, 0.8617021276595744, 0.8571428571428571], "f1_scores": [0.887218045112782, 0.9180327868852458, 0.8503937007874016, 0.881578947368421, 0.8985507246376813, 0.9022556390977443, 0.8823529411764706, 0.8923076923076922, 0.8925619834710743, 0.9], "thresh": [0.27206194400787354, 0.3498232960700989, 0.6308496594429016, 0.48771506547927856, 0.19256994128227234, 0.4492519199848175, 0.4411716163158417, 0.2869916260242462, 0.26581263542175293, 0.17999359965324402], "matthews_corrcoef": [0.6854242365806, 0.7707163791225228, 0.5229335388416193, 0.5233865987451644, 0.6576128451205597, 0.6617490777120347, 0.5917680237554188, 0.6207395603131581, 0.7375837923560066, 0.6660721460985694], "means": {"roc_aucs": 0.9269410516210888, "accuracies": 0.846458715894489, "f1_scores": 0.8905252460844514, "thresh": 0.3556241303682327, "matthews_corrcoef": 0.6437986198645654}}