{"labels": [1, 1, 1, 1, 1, 0, 0, 1, 1, 1, 0, 0, 1, 1, 1, 0, 1, 1, 1, 1, 1, 1, 1, 1, 1, 1, 1, 0, 1, 1, 1, 1, 1, 0, 1, 1, 0, 1, 1, 1, 1, 0, 1, 0, 1, 0, 1, 1, 1, 1, 1, 1, 1, 1, 1, 1, 1, 1, 1, 1, 0, 1, 0, 1, 1, 1, 1, 1, 1, 1, 1, 1, 1, 1, 1, 1, 0, 1, 0, 0, 1, 1, 1, 1, 0, 1, 1, 0, 1, 1, 1, 1, 1, 0, 1, 1, 1, 1, 1, 1, 0, 1, 1, 1, 1, 1, 1, 1, 1, 1, 1, 1, 0, 1, 0, 0, 1, 0, 0, 1, 0, 1, 0, 1, 0, 0, 1, 0, 0, 1, 1, 0, 0, 0, 1, 1, 1, 1, 1, 1, 0, 1, 1, 0, 0, 0, 1, 1, 1, 1, 0, 1, 0, 1, 1, 1, 1, 0, 1, 1, 0, 1, 1, 1, 0, 1, 0, 1, 1, 0, 1, 1, 1, 0, 1, 0, 0, 0, 1, 0, 1, 0, 1, 1, 1, 1, 0, 1, 0, 1, 1, 0, 1, 1, 1, 1, 1, 1, 0, 0, 1, 1, 1, 1, 1, 1, 1, 1, 1, 1, 0, 1, 1, 1, 1, 1, 0, 0, 0, 1, 0, 1, 1, 1, 0, 1, 1, 1, 0, 0, 1, 1, 1, 1, 1, 1, 1, 0], "probs": [[0.9965181350708008], [0.9881992340087891], [0.979674220085144], [0.011742860078811646], [0.08628714084625244], [0.6713376045227051], [0.01955428719520569], [0.983670711517334], [0.30838823318481445], [0.4086543023586273], [0.21085864305496216], [0.2986442446708679], [0.7008428573608398], [0.6976015567779541], [0.3252069354057312], [0.9524399638175964], [0.8434529304504395], [0.04831957817077637], [0.6722762584686279], [0.980147123336792], [0.31966274976730347], [0.9982511401176453], [0.25721096992492676], [0.046113938093185425], [0.914644181728363], [0.9997209310531616], [0.963582456111908], [0.40735864639282227], [0.99180668592453], [0.994078516960144], [0.1721390187740326], [0.9999394416809082], [0.35836997628211975], [0.016871094703674316], [0.9354517459869385], [0.9969821572303772], [0.005355149507522583], [0.8286412954330444], [0.9992753267288208], [0.6833717823028564], [0.9348042011260986], [0.048631876707077026], [0.36563345789909363], [0.01443895697593689], [0.08969387412071228], [0.06858217716217041], [0.9714463353157043], [0.9995414018630981], [0.284803569316864], [0.915917694568634], [0.9963796138763428], [0.734710156917572], [0.12355488538742065], [0.7778610587120056], [0.7564375996589661], [0.3823740482330322], [0.8275248408317566], [0.025976717472076416], [0.8820755481719971], [0.2286008894443512], [0.10078486800193787], [0.9869481325149536], [0.4718073010444641], [0.3581036925315857], [0.8528573513031006], [0.6221206784248352], [0.8745895028114319], [0.7482399940490723], [0.06875160336494446], [0.981253981590271], [0.2716042995452881], [0.16773784160614014], [0.9992997646331787], [0.07986325025558472], [0.6264345049858093], [0.9990132451057434], [0.017311066389083862], [0.4080957770347595], [0.12751799821853638], [0.05692929029464722], [0.9494752883911133], [0.8605024218559265], [0.9862604141235352], [0.9933325052261353], [0.009911328554153442], [0.42175379395484924], [0.27062612771987915], [0.018756508827209473], [0.8412778973579407], [0.037306368350982666], [0.9633681178092957], [0.3382749557495117], [0.0040718913078308105], [0.1250278651714325], [0.15281853079795837], [0.9171137809753418], [0.871096134185791], [0.8882887363433838], [0.40252435207366943], [0.9882587194442749], [0.01402631402015686], [0.8340240716934204], [0.9963246583938599], [0.02463585138320923], [0.8315963745117188], [0.8812151551246643], [0.9967960119247437], [0.9202219247817993], [0.13976624608039856], [0.5981048941612244], [0.2709457278251648], [0.9078488349914551], [0.002288609743118286], [0.9982438087463379], [0.7777194380760193], [0.9633612632751465], [0.991091787815094], [0.004232615232467651], [0.16441118717193604], [0.9228304028511047], [0.007626324892044067], [0.3037107586860657], [0.40778765082359314], [0.918669581413269], [0.11942142248153687], [0.06756538152694702], [0.8404743075370789], [0.4728586673736572], [0.008416831493377686], [0.1848219633102417], [0.6540761590003967], [0.3299277722835541], [0.8109195232391357], [0.0019192993640899658], [0.3417145013809204], [0.12806886434555054], [0.8750404715538025], [0.1082080602645874], [0.13319548964500427], [0.4482554495334625], [0.08268144726753235], [0.18893271684646606], [0.9335261583328247], [0.0037989020347595215], [0.083791583776474], [0.013996362686157227], [0.2916392683982849], [0.9238065481185913], [0.9549955129623413], [0.6684888601303101], [0.0972287654876709], [0.9445760250091553], [0.010221034288406372], [0.37371790409088135], [0.9441757202148438], [0.9383902549743652], [0.9831262230873108], [0.0038376450538635254], [0.5325159430503845], [0.9712532758712769], [0.018579095602035522], [0.8674764633178711], [0.30323919653892517], [0.9491360783576965], [0.12514817714691162], [0.347397118806839], [0.007935523986816406], [0.45649322867393494], [0.9766632318496704], [0.03970798850059509], [0.9997135400772095], [0.3444555103778839], [0.44421324133872986], [0.06860905885696411], [0.9774657487869263], [0.28467893600463867], [0.179743230342865], [0.005765020847320557], [0.4011329412460327], [0.130723237991333], [0.397066593170166], [0.013878464698791504], [0.1938469409942627], [0.028825610876083374], [0.9439312219619751], [0.8904533386230469], [0.004411369562149048], [0.9869879484176636], [0.453060120344162], [0.9130099415779114], [0.949439525604248], [0.061375558376312256], [0.32418426871299744], [0.7605278491973877], [0.1743125319480896], [0.9671405553817749], [0.3710395097732544], [0.3236572742462158], [0.002030313014984131], [0.5866743326187134], [0.934277355670929], [0.9150854349136353], [0.9640300273895264], [0.9996867179870605], [0.4673426151275635], [0.9979665875434875], [0.21313950419425964], [0.33180880546569824], [0.808616042137146], [0.5388169288635254], [0.04165852069854736], [0.9807919263839722], [0.45332011580467224], [0.9188618659973145], [0.9739788770675659], [0.5162239670753479], [0.9537152051925659], [0.04121914505958557], [0.009870707988739014], [0.5715163946151733], [0.4531550109386444], [0.8206455707550049], [0.9783859252929688], [0.5080822706222534], [0.12188857793807983], [0.680144727230072], [0.27171236276626587], [0.4874175488948822], [0.6650710105895996], [0.007397741079330444], [0.8695502281188965], [0.01327475905418396], [0.7803100943565369], [0.8638131022453308], [0.8500494956970215], [0.9527150988578796], [0.9432237148284912], [0.027596645057201385]],