{"test_acc": 0.7899159663865546, "test_precision": 0.9019607843137255, "test_recall": 0.7976878612716763, "test_f1": 0.8466257668711656, "threshold": 0.3033422827720642, "rocauc": 0.8610938194753223}