{"labels": [1, 1, 1, 1, 1, 0, 0, 1, 1, 1, 0, 0, 1, 1, 1, 0, 1, 1, 1, 1, 1, 1, 1, 1, 1, 1, 1, 0, 1, 1, 1, 1, 1, 0, 1, 1, 0, 1, 1, 1, 1, 0, 1, 0, 1, 0, 1, 1, 1, 1, 1, 1, 1, 1, 1, 1, 1, 1, 1, 1, 0, 1, 0, 1, 1, 1, 1, 1, 1, 1, 1, 1, 1, 1, 1, 1, 0, 1, 0, 0, 1, 1, 1, 1, 0, 1, 1, 0, 1, 1, 1, 1, 1, 0, 1, 1, 1, 1, 1, 1, 0, 1, 1, 1, 1, 1, 1, 1, 1, 1, 1, 1, 0, 1, 0, 0, 1, 0, 0, 1, 0, 1, 0, 1, 0, 0, 1, 0, 0, 1, 1, 0, 0, 0, 1, 1, 1, 1, 1, 1, 0, 1, 1, 0, 0, 0, 1, 1, 1, 1, 0, 1, 0, 1, 1, 1, 1, 0, 1, 1, 0, 1, 1, 1, 0, 1, 0, 1, 1, 0, 1, 1, 1, 0, 1, 0, 0, 0, 1, 0, 1, 0, 1, 1, 1, 1, 0, 1, 0, 1, 1, 0, 1, 1, 1, 1, 1, 1, 0, 0, 1, 1, 1, 1, 1, 1, 1, 1, 1, 1, 0, 1, 1, 1, 1, 1, 0, 0, 0, 1, 0, 1, 1, 1, 0, 1, 1, 1, 0, 0, 1, 1, 1, 1, 1, 1, 1, 0], "probs": [[0.9669777154922485], [0.9998573064804077], [0.8993882536888123], [0.31694459915161133], [0.4283278286457062], [0.006291210651397705], [0.004114806652069092], [0.9917235374450684], [0.26119017601013184], [0.9094851016998291], [0.8483285903930664], [0.2872803211212158], [0.9683685898780823], [0.11302819848060608], [0.8723917007446289], [0.9783996343612671], [0.9984071254730225], [0.057356059551239014], [0.8832560777664185], [0.9212537407875061], [0.6756917238235474], [0.9966410398483276], [0.28062617778778076], [0.03621932864189148], [0.9924054145812988], [0.9997243881225586], [0.7810294032096863], [0.6804709434509277], [0.992544412612915], [0.9878824949264526], [0.8654411435127258], [0.9925263524055481], [0.874941349029541], [0.03001841902732849], [0.9884166717529297], [0.9959584474563599], [0.0021827220916748047], [0.18528059124946594], [0.9998540878295898], [0.9973714351654053], [0.9973353743553162], [0.0012764334678649902], [0.9543198943138123], [0.0001125633716583252], [0.9085114598274231], [0.35319098830223083], [0.984764814376831], [0.9942609071731567], [0.9938408732414246], [0.9381481409072876], [0.9157932996749878], [0.4545789361000061], [0.28027409315109253], [0.0009976327419281006], [0.0648300051689148], [0.1255122423171997], [0.7674834728240967], [0.04088395833969116], [0.9969905018806458], [0.9679489135742188], [0.1804811954498291], [0.9884978532791138], [0.0011107027530670166], [0.7376580238342285], [0.9902710318565369], [0.9164087772369385], [0.9996764659881592], [0.9864953756332397], [0.004736453294754028], [0.9679176807403564], [0.20406454801559448], [0.8240768909454346], [0.9910256862640381], [0.005154401063919067], [0.8745900988578796], [0.9999864101409912], [0.002598494291305542], [0.192755788564682], [0.0032802224159240723], [0.24012824892997742], [0.9941500425338745], [0.938274621963501], [0.7723093628883362], [0.9918965697288513], [0.0005451738834381104], [0.0017977356910705566], [0.26154279708862305], [0.008065909147262573], [0.9991430044174194], [0.3501706123352051], [0.9167089462280273], [0.06945818662643433], [0.019456714391708374], [0.3874845504760742], [0.005796074867248535], [0.6140084266662598], [0.004279792308807373], [0.7797942161560059], [0.20226067304611206], [0.9759544134140015], [0.003837674856185913], [0.9999159574508667], [0.5921012163162231], [0.5317744612693787], [0.1611720621585846], [0.21357128024101257], [0.9960461854934692], [0.9871875643730164], [0.8096356391906738], [0.12691909074783325], [0.9049950242042542], [0.876259446144104], [2.9802322387695312e-08], [0.9999886751174927], [0.4645853340625763], [0.019215553998947144], [0.9694281816482544], [0.0030247271060943604], [0.003156334161758423], [0.993393063545227], [0.02140110731124878], [0.5906636118888855], [0.25279682874679565], [0.8843634128570557], [0.0038511157035827637], [0.013886481523513794], [0.4668671190738678], [0.001149505376815796], [0.00013199448585510254], [0.9464123249053955], [0.3404417634010315], [0.5249609351158142], [0.8096368908882141], [0.0018268823623657227], [0.8314731121063232], [0.15967684984207153], [0.9607782959938049], [0.38039422035217285], [0.21301352977752686], [0.8679721355438232], [0.0011322498321533203], [0.8394050002098083], [0.4651679992675781], [0.0], [0.20399513840675354], [0.00013196468353271484], [0.8591027855873108], [0.9985741376876831], [0.9979628324508667], [0.7445881366729736], [0.005170345306396484], [0.4431440532207489], [0.001072227954864502], [0.18919247388839722], [0.3685019016265869], [0.9930781126022339], [0.7951087951660156], [0.02030608057975769], [0.0045465826988220215], [0.9991695880889893], [0.0007196366786956787], [0.4213256537914276], [0.5577341914176941], [0.997348427772522], [0.213119238615036], [0.8826582431793213], [0.0014587342739105225], [0.0032750964164733887], [0.997343897819519], [0.005430042743682861], [0.9994306564331055], [0.9362731575965881], [0.6225165724754333], [0.04179385304450989], [0.9469612836837769], [0.00015994906425476074], [0.062105536460876465], [0.033511340618133545], [0.43137863278388977], [0.49529725313186646], [0.9993997812271118], [0.00038424134254455566], [0.8959825038909912], [0.027929961681365967], [0.9032137989997864], [0.7941881418228149], [0.004505127668380737], [0.9993164539337158], [0.9997769594192505], [0.9576817750930786], [0.9854905605316162], [0.25398728251457214], [0.9010621309280396], [0.9998979568481445], [0.17245635390281677], [0.9892253279685974], [0.4985960125923157], [0.7408186197280884], [2.8401613235473633e-05], [0.005062311887741089], [0.9780540466308594], [0.987836480140686], [0.9992315769195557], [0.9947522878646851], [0.9685872197151184], [0.9871326684951782], [0.992267370223999], [0.9421098828315735], [0.9829522371292114], [0.6994830369949341], [0.0], [0.9927087426185608], [0.13883599638938904], [0.995101809501648], [0.9984698295593262], [0.9786944389343262], [0.9692078828811646], [0.760155975818634], [0.0032483935356140137], [0.10463458299636841], [0.8644034266471863], [0.4325748085975647], [0.22948917746543884], [0.14597532153129578], [0.0006103217601776123], [0.9906545281410217], [0.5062692165374756], [0.04223713278770447], [0.35856425762176514], [0.007434487342834473], [0.8738706111907959], [0.5871282815933228], [0.9046066999435425], [0.8563618659973145], [0.9936047792434692], [0.9968241453170776], [0.6258671879768372], [0.08055000752210617]], "ROCAUC": 0.8743441529568697, "accuracy": 0.8445378151260504}