{"test_acc": 0.7857142857142857, "test_precision": 0.8860759493670886, "test_recall": 0.8092485549132948, "test_f1": 0.8459214501510574, "threshold": 0.23287275433540344, "rocauc": 0.8743441529568697}