{"roc_aucs": [0.9343750000000001, 0.9719827586206896, 0.9399766899766899, 0.8962500000000001, 0.9505555555555556, 0.938961038961039, 0.9191919191919192, 0.9608695652173913, 0.978441127694859, 0.9769144144144144], "accuracies": [0.8921568627450981, 0.9139784946236559, 0.8586956521739131, 0.85, 0.8556701030927835, 0.8804347826086957, 0.8617021276595744, 0.8876404494382022, 0.8617021276595744, 0.9183673469387755], "f1_scores": [0.9172932330827068, 0.9354838709677419, 0.8976377952755905, 0.9006622516556291, 0.8970588235294118, 0.9172932330827068, 0.9064748201438849, 0.923076923076923, 0.8943089430894309, 0.9444444444444445], "thresh": [0.2539968490600586, 0.1511576771736145, 0.20826855301856995, 0.2099463939666748, 0.2293318510055542, 0.2039375603199005, 0.16519400477409363, 0.3668649196624756, 0.2775030732154846, 0.1706816554069519], "means": {"roc_aucs": 0.9467518069632558, "accuracies": 0.8780347946940272, "f1_scores": 0.9133734338348469, "thresh": 0.22368825376033782}}