{"labels": [1, 1, 1, 1, 1, 0, 0, 1, 1, 1, 0, 0, 1, 1, 1, 0, 1, 1, 1, 1, 1, 1, 1, 1, 1, 1, 1, 0, 1, 1, 1, 1, 1, 0, 1, 1, 0, 1, 1, 1, 1, 0, 1, 0, 1, 0, 1, 1, 1, 1, 1, 1, 1, 1, 1, 1, 1, 1, 1, 1, 0, 1, 0, 1, 1, 1, 1, 1, 1, 1, 1, 1, 1, 1, 1, 1, 0, 1, 0, 0, 1, 1, 1, 1, 0, 1, 1, 0, 1, 1, 1, 1, 1, 0, 1, 1, 1, 1, 1, 1, 0, 1, 1, 1, 1, 1, 1, 1, 1, 1, 1, 1, 0, 1, 0, 0, 1, 0, 0, 1, 0, 1, 0, 1, 0, 0, 1, 0, 0, 1, 1, 0, 0, 0, 1, 1, 1, 1, 1, 1, 0, 1, 1, 0, 0, 0, 1, 1, 1, 1, 0, 1, 0, 1, 1, 1, 1, 0, 1, 1, 0, 1, 1, 1, 0, 1, 0, 1, 1, 0, 1, 1, 1, 0, 1, 0, 0, 0, 1, 0, 1, 0, 1, 1, 1, 1, 0, 1, 0, 1, 1, 0, 1, 1, 1, 1, 1, 1, 0, 0, 1, 1, 1, 1, 1, 1, 1, 1, 1, 1, 0, 1, 1, 1, 1, 1, 0, 0, 0, 1, 0, 1, 1, 1, 0, 1, 1, 1, 0, 0, 1, 1, 1, 1, 1, 1, 1, 0], "probs": [[0.9967467784881592], [0.9996999502182007], [0.1588101089000702], [0.7076523900032043], [0.9430764317512512], [0.015662461519241333], [0.00847521424293518], [0.8277412056922913], [0.47139349579811096], [0.7580970525741577], [0.9607401490211487], [0.5608559250831604], [0.6217127442359924], [0.27642983198165894], [0.5314968228340149], [0.9971106052398682], [0.9988405704498291], [0.4623039960861206], [0.9349253177642822], [0.9894818663597107], [0.8087279200553894], [0.986608624458313], [0.18393313884735107], [0.036482393741607666], [0.9834825992584229], [0.9995874166488647], [0.49473005533218384], [0.9985017776489258], [0.9869903326034546], [0.9905378818511963], [0.6796797513961792], [0.9995049238204956], [0.9117213487625122], [0.12409260869026184], [0.9922975301742554], [0.9001535773277283], [0.0012115836143493652], [0.225210040807724], [0.9989609718322754], [0.9899691343307495], [0.9982227087020874], [0.02388891577720642], [0.8886931538581848], [0.004872173070907593], [0.5377775430679321], [0.06395065784454346], [0.9818527698516846], [0.9996222257614136], [0.9297115206718445], [0.8899660110473633], [0.5622240304946899], [0.9921460151672363], [0.09681731462478638], [0.9338433146476746], [0.679073691368103], [0.030855804681777954], [0.8244979381561279], [0.32773086428642273], [0.9810598492622375], [0.9839236736297607], [0.3445405960083008], [0.997045636177063], [0.026252537965774536], [0.9979344606399536], [0.9892597198486328], [0.9670706987380981], [0.9706313610076904], [0.42645207047462463], [0.18754714727401733], [0.9960149526596069], [0.6905391812324524], [0.9910085201263428], [0.9976277351379395], [0.9310219287872314], [0.994945228099823], [0.9978153705596924], [0.012375980615615845], [0.9919676184654236], [0.07298541069030762], [0.1998516321182251], [0.841749906539917], [0.9005249738693237], [0.5967678427696228], [0.9986268281936646], [0.029832452535629272], [0.27233994007110596], [0.4473061263561249], [0.004426747560501099], [0.9003651142120361], [0.1525554060935974], [0.35181480646133423], [0.9527783393859863], [0.0392497181892395], [0.544477641582489], [0.026830971240997314], [0.42218029499053955], [0.17500045895576477], [0.8548625707626343], [0.40136826038360596], [0.3604332208633423], [0.030726701021194458], [0.9970216751098633], [0.7524069547653198], [0.6119216680526733], [0.9240630865097046], [0.9611854553222656], [0.9777280688285828], [0.9983406066894531], [0.9896237850189209], [0.4239710867404938], [0.6354407668113708], [0.5888720750808716], [0.04641106724739075], [0.9997437596321106], [0.4014267325401306], [0.06667336821556091], [0.9980422258377075], [0.004373103380203247], [0.1410444974899292], [0.9910619258880615], [0.006326138973236084], [0.3604538142681122], [0.4947105646133423], [0.9301117062568665], [0.0026585161685943604], [0.024219602346420288], [0.9378774166107178], [0.01592060923576355], [0.0011291801929473877], [0.9990543127059937], [0.7549550533294678], [0.342795193195343], [0.8764162659645081], [0.00044780969619750977], [0.5057879090309143], [0.9219796657562256], [0.5808079242706299], [0.9546955823898315], [0.9900577068328857], [0.8465635776519775], [0.0025649666786193848], [0.8278484344482422], [0.9984710812568665], [0.04425954818725586], [0.07743829488754272], [0.0006082355976104736], [0.9334738850593567], [0.3301829397678375], [0.9986758232116699], [0.7125840783119202], [0.007627427577972412], [0.9959039688110352], [0.009926050901412964], [0.6604437828063965], [0.5251854062080383], [0.9893491864204407], [0.9864588975906372], [0.05421242117881775], [0.3398457169532776], [0.9786652326583862], [0.008426845073699951], [0.875516414642334], [0.07680338621139526], [0.9988490343093872], [0.0018738806247711182], [0.7178304195404053], [0.02057388424873352], [0.9795728921890259], [0.9972556829452515], [0.004629731178283691], [0.9623687267303467], [0.724166750907898], [0.7723159790039062], [0.20529189705848694], [0.6872450113296509], [0.0027319788932800293], [0.3187198042869568], [0.018576204776763916], [0.15569275617599487], [0.23218438029289246], [0.997368574142456], [0.040486693382263184], [0.9158961772918701], [0.39097514748573303], [0.5656739473342896], [0.7379326224327087], [0.0008071362972259521], [0.9905544519424438], [0.4703572690486908], [0.9731419086456299], [0.9921360015869141], [0.0566447377204895], [0.9089537858963013], [0.9919235706329346], [0.17592421174049377], [0.9787482023239136], [0.7955019474029541], [0.21888640522956848], [0.0026145875453948975], [0.021611958742141724], [0.9987088441848755], [0.9946253299713135], [0.9953845739364624], [0.9903939962387085], [0.9906731843948364], [0.7762551307678223], [0.9791851043701172], [0.9902970194816589], [0.9883949756622314], [0.985304594039917], [0.020500987768173218], [0.9835512042045593], [0.9782029986381531], [0.9945520162582397], [0.9874294996261597], [0.9973938465118408], [0.9443448185920715], [0.1919521987438202], [0.059118419885635376], [0.7693551778793335], [0.6275484561920166], [0.6946401596069336], [0.6122786402702332], [0.9852391481399536], [0.007992774248123169], [0.9926225543022156], [0.36893635988235474], [0.10819447040557861], [0.9335607290267944], [0.004121512174606323], [0.9633148908615112], [0.455250084400177], [0.8853086233139038], [0.9740039110183716], [0.5829136967658997], [0.9985847473144531], [0.7946756482124329], [0.009157577529549599]],