{"test_acc": 0.8403361344537815, "test_precision": 0.9245283018867925, "test_recall": 0.8497109826589595, "test_f1": 0.8855421686746988, "threshold": 0.3912663459777832, "rocauc": 0.905380168963984}