{"test_acc": 0.7815126050420168, "test_precision": 0.9172413793103448, "test_recall": 0.7687861271676301, "test_f1": 0.8364779874213837, "threshold": 0.7660547494888306, "rocauc": 0.8779902178746108}