{"labels": [1, 1, 1, 1, 1, 0, 0, 1, 1, 1, 0, 0, 1, 1, 1, 0, 1, 1, 1, 1, 1, 1, 1, 1, 1, 1, 1, 0, 1, 1, 1, 1, 1, 0, 1, 1, 0, 1, 1, 1, 1, 0, 1, 0, 1, 0, 1, 1, 1, 1, 1, 1, 1, 1, 1, 1, 1, 1, 1, 1, 0, 1, 0, 1, 1, 1, 1, 1, 1, 1, 1, 1, 1, 1, 1, 1, 0, 1, 0, 0, 1, 1, 1, 1, 0, 1, 1, 0, 1, 1, 1, 1, 1, 0, 1, 1, 1, 1, 1, 1, 0, 1, 1, 1, 1, 1, 1, 1, 1, 1, 1, 1, 0, 1, 0, 0, 1, 0, 0, 1, 0, 1, 0, 1, 0, 0, 1, 0, 0, 1, 1, 0, 0, 0, 1, 1, 1, 1, 1, 1, 0, 1, 1, 0, 0, 0, 1, 1, 1, 1, 0, 1, 0, 1, 1, 1, 1, 0, 1, 1, 0, 1, 1, 1, 0, 1, 0, 1, 1, 0, 1, 1, 1, 0, 1, 0, 0, 0, 1, 0, 1, 0, 1, 1, 1, 1, 0, 1, 0, 1, 1, 0, 1, 1, 1, 1, 1, 1, 0, 0, 1, 1, 1, 1, 1, 1, 1, 1, 1, 1, 0, 1, 1, 1, 1, 1, 0, 0, 0, 1, 0, 1, 1, 1, 0, 1, 1, 1, 0, 0, 1, 1, 1, 1, 1, 1, 1, 0], "probs": [[0.9985339641571045], [0.9971235990524292], [0.9733635187149048], [0.9613299369812012], [0.8739145994186401], [0.31712785363197327], [0.08021461963653564], [0.971516489982605], [0.5765208005905151], [0.5703649520874023], [0.37688690423965454], [0.9126180410385132], [0.9790182113647461], [0.9932982921600342], [0.9826240539550781], [0.9875402450561523], [0.8800873756408691], [0.7976471781730652], [0.9942348003387451], [0.9728325605392456], [0.5747865438461304], [0.9230266809463501], [0.18474087119102478], [0.1767972707748413], [0.9774284958839417], [0.9983758926391602], [0.7600992321968079], [0.9579412937164307], [0.9637317061424255], [0.997466504573822], [0.9977260231971741], [0.9841521978378296], [0.9723078012466431], [0.02176615595817566], [0.9786171913146973], [0.9977613687515259], [0.004933774471282959], [0.2696439027786255], [0.9917387962341309], [0.9619479179382324], [0.9789057970046997], [0.10491135716438293], [0.9569603204727173], [0.497894287109375], [0.9929922819137573], [0.19738256931304932], [0.941893458366394], [0.9998619556427002], [0.9571776390075684], [0.9671980142593384], [0.9949164390563965], [0.9943673610687256], [0.7156118154525757], [0.9361339807510376], [0.8832781314849854], [0.8243113160133362], [0.9948949813842773], [0.1267733871936798], [0.9931090474128723], [0.9682451486587524], [0.03189888596534729], [0.9963314533233643], [0.8528757095336914], [0.11982181668281555], [0.9627057909965515], [0.9608232975006104], [0.9932256937026978], [0.9869716763496399], [0.929306149482727], [0.9988976716995239], [0.6910185813903809], [0.9800759553909302], [0.9895370006561279], [0.002732187509536743], [0.997268795967102], [0.9695451259613037], [0.41338080167770386], [0.9870517253875732], [0.5223729610443115], [0.5990670919418335], [0.990805447101593], [0.8932921886444092], [0.9898514747619629], [0.9866677522659302], [0.0008687674999237061], [0.7438597679138184], [0.9457029104232788], [0.1593283712863922], [0.9789110422134399], [0.9705430269241333], [0.8822897672653198], [0.9350923299789429], [0.0998106598854065], [0.4266171455383301], [0.007717013359069824], [0.26475101709365845], [0.7055409550666809], [0.8782938718795776], [0.5463370084762573], [0.9650286436080933], [0.37759989500045776], [0.9858536720275879], [0.9953523874282837], [0.202389657497406], [0.9047101736068726], [0.999582052230835], [0.9350302219390869], [0.9912211894989014], [0.931917667388916], [0.9720413684844971], [0.7659222483634949], [0.9227391481399536], [0.005294352769851685], [0.9642382860183716], [0.8964632749557495], [0.9704488515853882], [0.9595444798469543], [0.0006036758422851562], [0.7710573673248291], [0.9920870065689087], [0.16296035051345825], [0.9670563340187073], [0.8004264831542969], [0.9778534173965454], [0.47025272250175476], [0.07157963514328003], [0.7597466111183167], [0.13013124465942383], [0.006190568208694458], [0.7311300039291382], [0.770578145980835], [0.0468997061252594], [0.6179217100143433], [0.004315495491027832], [0.7677915692329407], [0.458953320980072], [0.9949847459793091], [0.17613795399665833], [0.08445388078689575], [0.9975836873054504], [0.13791397213935852], [0.8968517780303955], [0.9614918231964111], [0.0434306263923645], [0.02074146270751953], [0.11970296502113342], [0.9920592308044434], [0.9887329339981079], [0.9263611435890198], [0.9909405708312988], [0.27364876866340637], [0.6715530157089233], [0.026298165321350098], [0.15967348217964172], [0.39263999462127686], [0.9257760047912598], [0.9738332033157349], [0.5890384912490845], [0.8770791292190552], [0.9993119239807129], [0.25332239270210266], [0.705556333065033], [0.8543798327445984], [0.9976890087127686], [0.1749243140220642], [0.9992682933807373], [0.007995247840881348], [0.8248611688613892], [0.9050377607345581], [0.054431378841400146], [0.9947474002838135], [0.8260306119918823], [0.9627642631530762], [0.118022620677948], [0.9707634449005127], [0.496848464012146], [0.07102498412132263], [0.5509974360466003], [0.6231123805046082], [0.6498628854751587], [0.9911713600158691], [0.09423881769180298], [0.6566503643989563], [0.0484907329082489], [0.8227769136428833], [0.5567423105239868], [0.017117798328399658], [0.9969742298126221], [0.9793115854263306], [0.8925944566726685], [0.9906492233276367], [0.3671739101409912], [0.8854190707206726], [0.966113805770874], [0.7850388884544373], [0.9966542720794678], [0.8826501369476318], [0.8117792010307312], [0.018554240465164185], [0.3295004367828369], [0.9919498562812805], [0.9983149766921997], [0.9985305070877075], [0.9553183317184448], [0.9835176467895508], [0.9819861650466919], [0.9923704266548157], [0.9772127270698547], [0.9900311827659607], [0.9858120083808899], [0.05695757269859314], [0.8592357635498047], [0.40632641315460205], [0.9429432153701782], [0.9840012788772583], [0.9996311664581299], [0.851664125919342], [0.7457098960876465], [0.008004903793334961], [0.7012917995452881], [0.8834784030914307], [0.9203708171844482], [0.949407696723938], [0.9226570129394531], [0.2730565071105957], [0.897782564163208], [0.6710159778594971], [0.6427618861198425], [0.9432922601699829], [0.01911163330078125], [0.4851498007774353], [0.7953994870185852], [0.9722325801849365], [0.9470992088317871], [0.9890304207801819], [0.7063095569610596], [0.24438969790935516], [0.007251705974340439]],