{"roc_aucs": [0.9674107142857143, 0.8981681034482758, 0.9248251748251749, 0.8875, 0.9266666666666667, 0.9389610389610389, 0.8295454545454546, 0.9427536231884058, 0.8728579325594251, 0.9251126126126127], "accuracies": [0.9117647058823529, 0.7634408602150538, 0.8478260869565217, 0.85, 0.8144329896907216, 0.8260869565217391, 0.776595744680851, 0.898876404494382, 0.8191489361702128, 0.8367346938775511], "f1_scores": [0.9361702127659575, 0.8035714285714286, 0.8870967741935484, 0.9019607843137256, 0.8571428571428571, 0.8769230769230769, 0.8531468531468532, 0.9323308270676692, 0.8702290076335878, 0.8857142857142858], "thresh": [0.2256368100643158, 0.11401763558387756, 0.6016008853912354, 0.19592911005020142, 0.029973208904266357, 0.8025027513504028, 0.0423218309879303, 0.016028612852096558, 0.05378994345664978, 0.791941225528717], "matthews_corrcoef": [0.7935455738578072, 0.5558777651596173, 0.6697282381973718, 0.5969013509195459, 0.6603381797442179, 0.6071409472850022, 0.3867405439217488, 0.7416210700851229, 0.5741348110668706, 0.6154713163949571], "means": {"roc_aucs": 0.9113801321092769, "accuracies": 0.8344907378489387, "f1_scores": 0.880428610747299, "thresh": 0.2873742014169693, "matthews_corrcoef": 0.6201499796632262}}